{
    "name": "ESP32-TWAI-CAN",
    "keywords": "can, twai, esp32, esp32-s3, esp32-s2, driver, arduino",
    "description": "ESP32 driver for TWAI / CAN for Adruino using ESP-IDF drivers.",
    "version": "1.0.1",
    "repository":
    {
        "type": "git",
        "url": "https://github.com/handmade0octopus/ESP32-TWAI-CAN.git"
    },
    "frameworks": "*",
    "platforms": "*",
    "build": {
        "srcFilter": [
            "+<ESP32-TWAI-CAN.cpp>"
        ]
    },
    "authors":
    [
      {
         "name": "sorek",
         "email": "contact@sorek.uk",
         "url": "http://sorek.uk",
         "maintainer": true
      }
    ]
}